first_name,last_name,email,phone,company
Shawn,ONeill,shawn.oneill@example.com,206-555-1288,Northstar Tech
Leanne,Graham,leanne.graham@example.com,425-555-9021,Romaguera-Crona
Victor,Wooten,victor.wooten@example.com,615-555-4412,BassWorks Inc
Jaco,Pastorius,jaco.p@example.com,954-555-7733,Weather Report LLC
Maria,Lopez,maria.lopez@example.com,206-555-3344,Cascade Analytics
Derek,Chan,derek.chan@example.com,360-555-8899,BluePeak Systems
Aisha,Khan,aisha.khan@example.com,503-555-1122,Evergreen Solutions
Tom,Rivers,tom.rivers@example.com,425-555-6677,Riverside Media
Emily,Stone,emily.stone@example.com,206-555-9901,Stonebridge Group
Kevin,Marshall,kevin.marshall@example.com,509-555-4411,Marshall Dynamics
